{
  "project_info": {
    "project_number": "870800317259",
    "firebase_url": "https://carwashapp-e7a54.firebaseio.com",
    "project_id": "carwashapp-e7a54",
    "storage_bucket": "carwashapp-e7a54.appspot.com"
  },
  "client": [
    {
      "client_info": {
        "mobilesdk_app_id": "1:870800317259:android:afcec6c08d443d97b8e6ce",
        "android_client_info": {
          "package_name": "com.example.car_wash_app"
        }
      },
      "oauth_client": [
        {
          "client_id": "870800317259-eq4fpbbd6udqkdmhv68eiv25pioqq9cu.apps.googleusercontent.com",
          "client_type": 1,
          "android_info": {
            "package_name": "com.example.car_wash_app",
            "certificate_hash": "08db881dc4b788a10eb05738ff630df3ff720c0d"
          }
        },
        {
          "client_id": "870800317259-5kfrq124dikg94aefv4obbl4h5ebeajb.apps.googleusercontent.com",
          "client_type": 3
        }
      ],
      "api_key": [
        {
          "current_key": "AIzaSyCS8vsuwhhXIhg1gUw1n9qtY1s7gwSZdpo"
        }
      ],
      "services": {
        "appinvite_service": {
          "other_platform_oauth_client": [
            {
              "client_id": "870800317259-5kfrq124dikg94aefv4obbl4h5ebeajb.apps.googleusercontent.com",
              "client_type": 3
            }
          ]
        }
      }
    }
  ],
  "configuration_version": "1"
}